{"max": [0.0, 1.22409, 0.578975], "centroid": [-0.347239444731561, 0.7244574362769752, 0.28943104795745045], "id": "12c4048e0d2f26a763b2acb037dfbcde", "numVertices": 3986, "min": [-0.679326, -0.005715, 0.0]}
