{"max": [-8.42416, 6.96508, 2.50366], "centroid": [-10.762806219512195, 4.907957073170732, 1.6920481951219495], "id": "7565e6f425dd6d376d987ae9a225629c", "numVertices": 82, "min": [-12.9622, 0.0, 0.981657]}
