{"max": [1.44291, 0.446088, -0.809969], "centroid": [1.1517475340782117, 0.22970238212290536, -0.8205515642457968], "id": "f5108ede5ca11f041f6736765dee4fa9", "numVertices": 1790, "min": [0.847596, 0.0, -0.946494]}
