{"max": [0.0, 0.45, 0.14], "centroid": [-0.14790364709193263, 0.41273889868667935, 0.07157980137585981], "id": "506a05b6ba66bde0b726426d6c667c7", "numVertices": 1599, "min": [-0.3, 0.0, 0.0]}
