{"max": [0.160115, 0.569897, 0.160115], "centroid": [-7.863249140926321e-10, 0.07563427981196771, 4.9002768551124244e-11], "id": "2f79bca58f58a3ead2b12aa6a0f050b3", "numVertices": 3510, "min": [-0.160115, -0.057912, -0.160115]}
