{"max": [0.692939, 1.16558, 0.640066], "centroid": [0.3953531648385337, 0.6240286399242209, 0.3422434474562519], "id": "8b071aca0c2cc07c81faebbdea6bd9be", "numVertices": 11086, "min": [0.0976518, 0.0, 0.0344272]}
