{"max": [0.58, 1.135, 0.619957], "centroid": [0.27649566469893705, 0.934759102125153, 0.23474111612750856], "id": "69ee57f4534eb475e9bfc203f193ce76", "numVertices": 1694, "min": [-0.03, -0.101173, -0.03]}
