{"max": [0.0, 0.37797, 0.131604], "centroid": [-0.17338639590163935, 0.2619934799999999, 0.06901488065573769], "id": "8bc53bae41a8105f5c7506815f553527", "numVertices": 122, "min": [-0.342109, 0.0, 0.0]}
