{"max": [0.0, 1.18453, 0.0], "centroid": [-0.37540352307966246, 0.49557030262571633, -0.3271473634161089], "id": "69d3b9c9321e3e0bad5067eac75a07f7", "numVertices": 2247, "min": [-0.728936, -0.003175, -0.724129]}
