{"max": [0.304717, 0.758825, 0.30229], "centroid": [0.0017480255523351165, 0.35767670669095647, -0.0019869028698244373], "id": "49bff2b8bcdc50dfba6cf6cbb9f4c2bb", "numVertices": 6038, "min": [-0.304717, -0.003175, -0.307143]}
