{"max": [0.0709151, 0.250932, 0.0546713], "centroid": [-0.0341351185241558, 0.13170750545454546, -0.005879222207792219], "id": "45f56ad8c0f4059323166544c0deb60f", "numVertices": 385, "min": [-0.125935, 0.0, -0.0469287]}
