{"max": [14.081, 29.2557, 6.40734], "centroid": [5.23730967127215, 21.607515005907796, 2.5725446624576653], "id": "756066117169dbc96c1d5082d1bdea19", "numVertices": 2539, "min": [-3.79516, 17.5533, -0.76694]}
