{"max": [6.69143, 0.7112, 2.12117], "centroid": [6.411698985507246, 0.43758255884057956, 1.8106291014492746], "id": "8acbba54310b76cb6c43a5634bf2724", "numVertices": 345, "min": [6.12899, 0.0, 1.62363]}
