{"max": [0.013631, 1.86944, -0.00472206], "centroid": [-0.6040380630277257, 0.9737026035889114, -0.6224500178629699], "id": "8b0728eb28c1873938f21a3304cc4bdc", "numVertices": 2452, "min": [-1.22183, 0.0, -1.24018]}
