{"max": [1.04951, 1.55937, 1.6306], "centroid": [0.7173260754504508, 1.408227864864876, 1.2984184932432419], "id": "1cb574d3f22f63ebd493bfe20f94b6ab", "numVertices": 888, "min": [0.385141, 0.208323, 0.966233]}
