{"max": [0.605777, 0.304335, 0.0], "centroid": [0.2860695934407649, 0.20609342906616449, -0.07010339409055555], "id": "f72de241037d474e76bb31db0358e9c6", "numVertices": 7708, "min": [0.0, 0.0, -0.257194]}
