{"max": [0.746125, 1.02235, 0.762], "centroid": [0.36829999903848304, 0.885182306105843, 0.3852823711370429], "id": "81a04a676ff96a94b93fc2b66c6b86b6", "numVertices": 3685, "min": [-0.009525, 0.00635, 0.00635]}
