{"max": [0.487123, 0.1961, 0.0], "centroid": [0.2497592006157612, 0.12954074236996974, -0.10067276237276367], "id": "20b4891228ecfb4876bb31db0358e9c6", "numVertices": 22918, "min": [0.0, 0.0, -0.20131]}
