{"max": [0.656042, 0.949765, 0.644913], "centroid": [0.35828874378457876, 0.5242732286241303, 0.3458543392475102], "id": "76bd9785d3f6e77f81faebbdea6bd9be", "numVertices": 5422, "min": [0.0605998, 0.0, 0.03863]}
