{"max": [0.400702, 0.812684, -0.519748], "centroid": [0.23048701799999993, 0.6401790000000003, -0.6681486700000001], "id": "1e1015a06e43c0a5a44b6af22454453b", "numVertices": 100, "min": [0.0372287, 0.0, -0.844916]}
