{"max": [0.599855, 0.838505, -0.0956409], "centroid": [0.2941938406976504, 0.4781538716342681, -0.40130081152853486], "id": "65d2760c534966f2d2b12aa6a0f050b3", "numVertices": 30238, "min": [-0.0115577, -0.00702638, -0.707053]}
