{"max": [0.636419, 0.748601, 0.0206772], "centroid": [0.31107610008641856, 0.22373342007389033, -0.30485208392895774], "id": "5c7bd882d399e031d2b12aa6a0f050b3", "numVertices": 21870, "min": [-0.0141191, -0.045212, -0.630323]}
