{"max": [2.50974, 2.26737, 0.594414], "centroid": [1.4118602558991655, 1.0233376444379418, 0.08492005276271455], "id": "758dd5af7f18ed9acd99ccc7ff441abf", "numVertices": 6823, "min": [0.287114, -0.063592, -0.515586]}
