{"max": [-1.21924, 1.35, 2.2127], "centroid": [-1.665208666666666, 0.4616130148062978, 1.9742230666666665], "id": "64b0698f21be2061fc555f910d0519eb", "numVertices": 150, "min": [-2.09924, -0.0286802, 1.39518]}
