{"max": [-0.06899, 0.931693, -0.0603972], "centroid": [-0.43795926659396583, 0.5984358836423067, -0.4272082808796813], "id": "78f8bb00a5850aaf81faebbdea6bd9be", "numVertices": 2751, "min": [-0.80559, 0.0, -0.793855]}
