{"max": [0.0, 1.2298, 0.578975], "centroid": [-0.34715898652979504, 0.7308467951927946, 0.28939438106119125], "id": "5f14eed855c48a7f63b2acb037dfbcde", "numVertices": 3994, "min": [-0.679326, 0.0, 0.0]}
