{"max": [0.907425, 2.62042, 0.315266], "centroid": [-0.7047513305785122, 1.7793969547422244, -0.670231417552147], "id": "4a1f62dbe8b091eabc49cae1a831a9e", "numVertices": 2541, "min": [-2.39869, 0.0, -1.65085]}
