{"max": [6.48756, 9.39321, -6.51357], "centroid": [4.9319077190082625, 5.293673339669425, -8.087147933884294], "id": "9d579fa393e18a0570442b4b3eac5c43", "numVertices": 484, "min": [0.0212355, -0.0873386, -12.7998]}
