{"max": [-0.529676, 0.542227, 0.477782], "centroid": [-0.8045318652037614, 0.3627422140744516, 0.40945003996865126], "id": "766fe076d4cdef8cf0117851f0671fde", "numVertices": 1276, "min": [-1.07968, -0.00962728, 0.311782]}
