{"max": [0.587602, 0.361971, 0.0], "centroid": [0.2753308437815484, 0.2381143459894163, -0.09405467231469647], "id": "72dd1dca3421f63576bb31db0358e9c6", "numVertices": 5008, "min": [0.0, 0.0, -0.266254]}
