{"max": [0.411314, 0.9144, 0.412199], "centroid": [0.0012275064745762751, 0.4338180220338976, -0.002849671742372835], "id": "23a38f8cafa5bc9657a8fa4c1cbcf3ea", "numVertices": 590, "min": [-0.412254, 0.0, -0.409575]}
