{"max": [0.0, 0.9906, 0.0], "centroid": [-0.39656419461077874, 0.7888917125748499, -0.6827242203592797], "id": "2f1510cbda5a89e2bf3f7db9590eef44", "numVertices": 334, "min": [-0.762, 0.0, -0.794989]}
