{"max": [3.23319, 0.977981, -1.86574], "centroid": [2.9175160014619754, 0.55896792251462, -2.1814955384990036], "id": "6f77d79dd74a31fa56f6fc4b4ce1db04", "numVertices": 8208, "min": [2.60145, 0.0, -2.49747]}
