{"max": [1.32612, 0.847826, 0.037198], "centroid": [0.8991960071581946, 0.5107470415175388, -0.0865023049391555], "id": "1b9ef45fefefa35ed13f430b2941481", "numVertices": 1397, "min": [0.514101, 0.01, -0.210409]}
