{"max": [0.0, 0.716312, 0.27375], "centroid": [-0.4101681011317403, 0.49641860822679157, 0.13603930021567737], "id": "5f3af8ff93de34c9e7922afdefd88b6e", "numVertices": 1799, "min": [-0.82125, 0.0, 0.0]}
