{"max": [0.0039624, 0.762305, 0.387706], "centroid": [-0.189990373485849, 0.4215582264150941, 0.10421133611320753], "id": "9b0f61fb80473442330afa9b9b51085f", "numVertices": 212, "min": [-0.38862, 0.0, -0.0070104]}
