{"max": [0.188, 0.257, 0.188], "centroid": [5.782411586589357e-19, 0.12825000000000006, -1.1853943752508181e-17], "id": "22f7580ee1819eb7fc435963bd99e667", "numVertices": 96, "min": [-0.188, -0.001, -0.188]}
