{"max": [0.492077, 0.860367, 0.492077], "centroid": [-0.0008631925055928259, 0.5171357624161087, -0.00012604145413870355], "id": "31d318b5f2a1be9ee88c1d6fc3580355", "numVertices": 894, "min": [-0.492077, -0.212094, -0.492077]}
