{"max": [0.0, 1.14427, 0.525172], "centroid": [-0.3177795424278907, 0.6053446651843423, 0.2608412460128561], "id": "3b8ee522cf6c207063b2acb037dfbcde", "numVertices": 6067, "min": [-0.638672, 3.7998e-07, 0.0]}
