{"max": [1.84411, 4.01035, 0.269516], "centroid": [0.08292535127652942, 1.3203670393724911, -0.15957226176560957], "id": "88d375bc79ef32532e50abc7a1305908", "numVertices": 3251, "min": [-1.66902, 0.012573, -0.556558]}
