{"max": [1.15596, 0.778688, 1.96243], "centroid": [0.6987584249999997, 0.4024426400000003, 1.5052305000000006], "id": "4c8e43db118f78c85db5515d1151e20c", "numVertices": 120, "min": [0.241558, 0.0, 1.04803]}
