{"max": [1.43147, 0.930317, 0.810236], "centroid": [0.8217155809591047, 0.6770283170662901, 0.4639388483779879], "id": "1eb3abf47be2022381faebbdea6bd9be", "numVertices": 7090, "min": [0.117022, 0.0, 0.108561]}
