{"max": [2.62382, 0.837826, -0.323287], "centroid": [2.1966924624194775, 0.49987004438081617, -0.44698685468861865], "id": "71ead7f072106c63ed13f430b2941481", "numVertices": 1397, "min": [1.8118, 0.0, -0.570894]}
