{"max": [-1.05632, 0.47394, 1.20161], "centroid": [-1.2864325872167133, 0.26619624681369913, 1.0129109536541967], "id": "cbc2328cadf8dc573394926146371698", "numVertices": 3927, "min": [-1.51784, 0.0, 0.887297]}
