{"max": [0.892909, 1.03823, -0.0746876], "centroid": [0.5347301653176184, 0.6261178908469692, -0.5065192649248663], "id": "8be2cf5a52644885cb2a965e75be701c", "numVertices": 5856, "min": [0.0515342, 0.0, -0.916063]}
