{"max": [0.155, 0.3, 0.155], "centroid": [0.0016604745222929972, 0.19446197770700624, 0.0017952961783439414], "id": "75dbeb01fdc7f265d0a96520c31993ad", "numVertices": 314, "min": [-0.155, 0.0, -0.155]}
