{"max": [1.62818, 4.34168, 1.62818], "centroid": [1.0269562977782698e-16, 1.8533077799999977, 1.3415194880887308e-17], "id": "9ea0965fc34131ba7b104108655459df", "numVertices": 240, "min": [-1.62818, -0.0559081, -1.62818]}
