{"max": [0.065, 0.996006, 0.653], "centroid": [-0.24082139406624123, 0.6136905192763668, 0.46357548706930035], "id": "6a79fcbbe8eb1ec0162da3dc7be329d5", "numVertices": 3593, "min": [-0.545, 0.0, -0.033]}
