{"max": [-2.22416, 1.17453, 0.475995], "centroid": [-2.4549931097560957, 0.48378236890243886, 0.3236160091463415], "id": "4a175db3a8cad99b5dd5ceb34f6e33d9", "numVertices": 328, "min": [-2.6796, 0.117597, 0.130484]}
