{"max": [0.0, 0.995, 0.85], "centroid": [-0.42499999999999966, 0.5663633750000013, 0.4249999999999996], "id": "30a637a211d5c2f66e181e3da8402358", "numVertices": 192, "min": [-0.85, -0.1, 0.0]}
