{"max": [0.0, 0.826421, 0.445677], "centroid": [-0.2602974013097026, 0.557126296097399, 0.22260459196061583], "id": "3b4bc00820afb447ad5067eac75a07f7", "numVertices": 2793, "min": [-0.547231, 0.0, 0.0]}
