{"max": [0.1905, 4.00844, 0.138113], "centroid": [-3.525556279396984, 2.5346268391959774, -1.9436757487437186], "id": "1c3cf618a6790f1021c6005997c63924", "numVertices": 199, "min": [-7.30655, 0.0, -4.62903]}
