{"max": [0.42287, 0.4299, 0.0], "centroid": [0.21370865121512736, 0.2097167331846757, -0.044311071117092427], "id": "157fa29bcf6b890d76bb31db0358e9c6", "numVertices": 2036, "min": [0.0, 0.0, -0.09073]}
