{"max": [1.19745, 1.31189, 0.003462], "centroid": [0.44466734498355476, 0.16263849876644818, -0.1610748046874997], "id": "cbc1512b28e9ed382bef451de0ed6949", "numVertices": 2432, "min": [-0.312552, -0.0091, -0.32084]}
