{"max": [-0.009563, 3.69762, 0.710437], "centroid": [-1.723828783710406, 1.7116617049773792, 0.3319045665158364], "id": "2022610a5d1a8455abc49cae1a831a9e", "numVertices": 1105, "min": [-3.38044, 0.0, -0.100981]}
