{"max": [6.55127, 2.96026, 0.65942], "centroid": [3.3799898977832448, 2.0570494532019614, 0.3058848830049255], "id": "e8039f73cf912ff5e8c69fd29511206a", "numVertices": 812, "min": [0.301272, 0.0, -0.04765]}
