{"max": [0.676752, 0.680979, -0.010667], "centroid": [0.33341830561584523, 0.34931025122083165, -0.09897000691807069], "id": "6187bd900c3bc002ed13f430b2941481", "numVertices": 7372, "min": [-0.012877, -0.007781, -0.259088]}
