{"max": [1.7105, 1.10196, -0.383021], "centroid": [1.0347181631205677, 0.54137082248227, -0.5409192765957429], "id": "8569a0c606bbba73d9985ad45fbb635e", "numVertices": 282, "min": [0.362504, -0.018, -0.684581]}
