{"max": [0.362753, 0.800799, 0.362753], "centroid": [-9.021266405255385e-05, 0.5596013317592168, 0.0034486940279780426], "id": "1f4f53bc04eefca6f155d75bbf62b80", "numVertices": 4718, "min": [-0.362753, 0.0, -0.362753]}
