{"max": [0.8382, 0.6858, 0.0], "centroid": [0.41954094113756707, 0.48052144550264536, -0.3060886851851844], "id": "e73d23dbd069877f4da5feafe6f1c8fc", "numVertices": 756, "min": [0.0, 0.0, -0.353219]}
