{"max": [-3.22325, 0.66294, 5.74728], "centroid": [-3.4800768749999995, 0.33147000000000015, 5.490454375], "id": "14a49c2b9f46faa04d6ef9ab90177563", "numVertices": 48, "min": [-3.73808, 0.0, 5.23245]}
