{"max": [0.0002, 0.33, 0.22], "centroid": [-0.19832795866666675, 0.1945479999999999, 0.11008336366666661], "id": "45d8951ac1dbf2cbf51f77a6d7299806", "numVertices": 120, "min": [-0.396856, 0.0, 0.0]}
