{"max": [0.157884, 1.85042, 0.282236], "centroid": [-0.4040089927644905, 1.430085221845896, 0.036748033786158804], "id": "1b84dededd445058e44a5473032f38f", "numVertices": 5621, "min": [-0.965902, -0.003709, -0.208656]}
