{"max": [-0.438518, 1.19784, 1.27209], "centroid": [-0.8099473430493271, 0.8862638699551566, 0.841540742152466], "id": "59aba635f6d79bd72bcd3c046a99811e", "numVertices": 446, "min": [-1.2149, 0.054029, 0.495704]}
