{"max": [1.58575, 0.1778, 0.0275951], "centroid": [0.08075930533333334, -0.3297450122666666, -0.30122081906666665], "id": "2f97f841aff238b74245c6fcbfdfe98a", "numVertices": 75, "min": [-1.54189, -0.97155, -0.639426]}
