{"max": [0.188278, 0.87521, 0.689384], "centroid": [-0.1878545004218118, 0.17430529719009155, 0.31314577643812197], "id": "5d756e92b734f2d2b12aa6a0f050b3", "numVertices": 27040, "min": [-0.564003, -0.0435559, -0.0630292]}
