{"max": [7726.08, 4558.73, -677.758], "centroid": [5098.403562005278, 102.83783667546147, -1392.4593825857496], "id": "adfe9029a1ca723eb8966aeece708f87", "numVertices": 379, "min": [2497.73, -2126.88, -2342.7]}
