{"max": [0.879706, 0.99695, -0.0874969], "centroid": [0.46123113702376656, 0.7690365356846531, -0.5071960590720482], "id": "5eea24527c8b3124cb2a965e75be701c", "numVertices": 5302, "min": [0.0440014, 0.0, -0.926781]}
