{"max": [0.156295, 0.142331, 0.0797248], "centroid": [0.03541542719212728, 0.06851454858547228, 0.045657302697057436], "id": "cd1e74f430acfaf0504721639e19f609", "numVertices": 26446, "min": [-0.0753708, -0.000331357, -0.0254429]}
