{"max": [1.10456, 0.664369, 0.0447073], "centroid": [0.4658950664340772, 0.315586484227242, -0.08959539112035635], "id": "22065bf26a7da50a5c4dc8ac281ba59d", "numVertices": 2019, "min": [-0.0130428, -0.0015875, -0.210586]}
