{"max": [0.148147, 8.45804, 4.16935], "centroid": [-3.6063377007229445, 3.8132373316054955, 2.282966038739643], "id": "2ca6df7a5377825cfee773c7de26c274", "numVertices": 7331, "min": [-7.36648, -0.05624, 0.389337]}
