{"max": [-1.40584, 5.81703, 4.83357], "centroid": [-3.963697536231885, 2.928087463768118, 3.9736607246376803], "id": "83ab18386e87bf4efef598dabc93c115", "numVertices": 138, "min": [-6.49314, 0.0, 2.64474]}
