{"max": [-0.956972, 0.902485, 1.40821], "centroid": [-1.187142825607061, 0.5052166125827802, 1.158681427152325], "id": "3ce42bc74819f5dd56f6fc4b4ce1db04", "numVertices": 1812, "min": [-1.41734, 0.0, 0.947834]}
