{"max": [0.441563, 0.602332, 0.146324], "centroid": [0.21845753317013403, 0.28873718300489604, 0.0035246210281519087], "id": "22b7d6fa819d62aefc69b7db9c6d5ad9", "numVertices": 1634, "min": [3.606e-05, 0.00025039, -0.122131]}
