{"max": [0.696185, 0.85751, 0.33], "centroid": [0.346702129129129, 0.3530816186186186, 0.17256966066066073], "id": "d5881d42567baaf5dc19a9901b7e9a4f", "numVertices": 333, "min": [0.0, 0.0, 0.002967]}
