{"max": [0.31115, 0.55898, 0.0], "centroid": [0.15437220737494747, 0.3768194481852031, -0.1536592834567998], "id": "2ac7a4d88dfedcfef155d75bbf62b80", "numVertices": 2419, "min": [0.0, 0.0, -0.31115]}
