{"max": [0.995595, 1.143, 0.998368], "centroid": [0.43714858462816103, 0.7907504695885187, 0.5540839509200078], "id": "71f3b101a6d47811cb2a965e75be701c", "numVertices": 7826, "min": [0.0980873, 0.0, 0.0998489]}
