{"max": [4.6227, 11.6461, 2.99673], "centroid": [-0.5083394226375216, 5.77484568816026, 1.5166559275045488], "id": "581af450a3a8009abc49cae1a831a9e", "numVertices": 5490, "min": [-5.6543, -0.07, 0.047301]}
