{"max": [0.762924, 1.65773, 0.762924], "centroid": [-0.00045444155844157503, 0.926082163961039, -0.0048404237012987135], "id": "2f00a785c9ac57c07f48cf22f91f1702", "numVertices": 1232, "min": [-0.762924, 0.0, -0.762924]}
