{"max": [0.612989, 0.762, -0.0437117], "centroid": [0.28273929859796276, 0.4903890638676838, -0.37475191154580173], "id": "6dae7248443fdad9f4fb4dee5181bee", "numVertices": 3144, "min": [-0.0473524, -0.0127, -0.704112]}
