{"max": [0.0, 1.18453, 0.0], "centroid": [-0.37727246876276804, 0.48485936322360923, -0.31620561770488104], "id": "3c03342f421e5eb2ad5067eac75a07f7", "numVertices": 1762, "min": [-0.728936, -0.003175, -0.724129]}
