{"max": [-0.0592509, 0.7493, -0.206635], "centroid": [-0.2563953638709679, 0.5921824387096776, -0.2488287419354838], "id": "74c548ef3ca7b1987515e7bb7dba4019", "numVertices": 155, "min": [-0.465651, 0.0, -0.298075]}
