{"max": [1.29074, 1.85, 1.39174], "centroid": [-1.2727252582423056, 0.7077670057692292, 0.7534785259314133], "id": "d331a7bbfb0e7301e858db1dc3499392", "numVertices": 1560, "min": [-3.16999, 0.0, -0.0131401]}
