{"max": [0.2032, 0.547741, 0.0635], "centroid": [0.0003293074179743174, 0.4393375934379461, 0.004875192154065597], "id": "f297885d4918000ec8724d5673a063a6", "numVertices": 701, "min": [-0.2032, 0.0, -0.0635]}
