{"max": [-1.67671, 0.0620626, 0.447093], "centroid": [-1.9017094470046088, -0.08743113548387109, 0.34709386405529996], "id": "a55b721ea5a29d7f639ff561fa3f5bac", "numVertices": 434, "min": [-2.12671, -0.222603, 0.247094]}
