{"max": [2.04673, 0.447808, -3.66848], "centroid": [1.821728463641341, 0.40950641962821144, -3.7679656779660986], "id": "39381a2718d2a1d4d5f008f38a566dee", "numVertices": 3658, "min": [1.59673, 0.0, -3.86401]}
