{"max": [0.775415, 1.13486, -0.0588229], "centroid": [0.4979309725730996, 0.8710964983040991, -0.3135293900584788], "id": "22fe449cf2cfd7981faebbdea6bd9be", "numVertices": 5130, "min": [0.0532603, 0.0, -0.779553]}
