{"max": [-0.0204361, 0.9144, 0.634221], "centroid": [-0.32338627500000006, 0.4635500000000002, 0.33127099791666653], "id": "63adebf24a1de9ecf91cc5a18046145f", "numVertices": 96, "min": [-0.626337, 0.0, 0.0283209]}
