{"max": [2.14611, 5.64853, 1.67236], "centroid": [0.009422180051338522, 2.849023201320144, 1.156100476347647], "id": "dc52131684ed9cbbfe4a8257a424ee86", "numVertices": 5454, "min": [-2.12611, 0.951277, 0.783062]}
