{"max": [-0.948947, 1.0287, -0.771828], "centroid": [-1.2723307273309183, 0.5067237220396829, -1.0934924311926608], "id": "16e1950b2d507f532056b4bd5d870b47", "numVertices": 4687, "min": [-1.59587, 0.0, -1.41875]}
