{"max": [19.6628, 17.6006, 19.6628], "centroid": [4.158289874050586e-15, -14.386227272727252, 2.6672687627594905e-16], "id": "7e1b27b8df1f9ae8ae868ec20dc7b43", "numVertices": 264, "min": [-19.6628, -26.4541, -19.6628]}
