{"max": [5.13769, 2.87655, -1.9154], "centroid": [3.4418800193423564, 1.838441682785296, -3.4983183172146988], "id": "46bd9fb29f0ad74151f881addeefe983", "numVertices": 517, "min": [1.98908, 0.0, -5.06401]}
