{"max": [0.312576, 0.871776, 0.312576], "centroid": [-0.014179632347339596, 0.6751643693037317, -0.010059714162359382], "id": "9b5eeb473448827ff155d75bbf62b80", "numVertices": 3289, "min": [-0.369768, 0.0, -0.598261]}
