{"max": [3.30426, 4.31791, 0.0], "centroid": [1.6601756957176668, 4.024626380460483, -1.0330916791703653], "id": "1342fc4f613687f92569b963af585e33", "numVertices": 9294, "min": [0.0, 0.0, -2.06716]}
