{"max": [-0.200282, 0.591507, 0.18166], "centroid": [-0.4334525077683628, 0.23516312578929774, 0.0728598833499496], "id": "4e4fcfffec161ecaed13f430b2941481", "numVertices": 24072, "min": [-0.752293, -0.0014, 0.028521]}
