{"max": [0.0, 0.83074, 0.20571], "centroid": [-0.2309164575738446, 0.3904855150696873, 0.07139807072841899], "id": "133c16fc6ca7d77676bb31db0358e9c6", "numVertices": 3487, "min": [-0.4409, 0.0, 0.0]}
