{"max": [0.0, 4.3446, 1.98], "centroid": [-1.7204904928511089, 1.9737447417610157, 1.1861803929356098], "id": "c3a5009c4867f7293c8d0fdfb1cc2535", "numVertices": 11834, "min": [-3.47568, 0.0, 0.48]}
