{"max": [0.800938, 1.10467, 0.338965], "centroid": [0.46088701951526584, 0.5669992776203961, 0.020301798025936343], "id": "9f4bf5a25f85d12ead5067eac75a07f7", "numVertices": 3177, "min": [0.140404, 0.0, -0.33176]}
