{"max": [0.0, 0.749257, 0.0], "centroid": [-0.24637902929999986, 0.22105942999999992, -0.24637902930000016], "id": "4c8fc739917e3d4aad5067eac75a07f7", "numVertices": 720, "min": [-0.492758, 0.0, -0.492758]}
