{"max": [0.0, 0.866775, 0.6096], "centroid": [-0.19155833333333339, 0.4214567499999999, 0.1354666666666667], "id": "90ad7e8c047b2dbe4c86b1fdc94892eb", "numVertices": 48, "min": [-0.381, 0.0, -0.127]}
