{"max": [2.80481, 0.88, -0.930411], "centroid": [2.5859263617886192, 0.3220623247093495, -1.14020945121951], "id": "7bde818d2cbd21f3bac465483662a51d", "numVertices": 984, "min": [1.79481, -0.23, -1.94041]}
