{"max": [11.8177, 9.37417, 11.7885], "centroid": [5.832378941876086, 4.542914091310174, 10.757728818338695], "id": "e49f6ae8fa76e90a285e5a1f74237618", "numVertices": 5213, "min": [0.052305, -0.14, 9.71428]}
