{"max": [3.91575, 0.55118, -0.665889], "centroid": [3.774496563467489, 0.29639263597523163, -0.8157281486068095], "id": "44a64fa7c3378f16de27b9aa1df630c0", "numVertices": 323, "min": [3.59884, 0.0, -0.982803]}
