{"max": [0.362506, 0.549858, 0.363921], "centroid": [-0.006318028850292418, 0.3306994561111105, -0.0030603063936257245], "id": "33e36da1afca5e57f155d75bbf62b80", "numVertices": 6840, "min": [-0.364338, 0.041275, -0.362923]}
