{"max": [0.642282, 1.19946, 0.730099], "centroid": [0.3247819565882353, 0.16905845776941172, 0.5851268094117646], "id": "5bc989c9ee00622278353166fcf5b850", "numVertices": 170, "min": [0.00728193, 0.0, 0.0386433]}
