{"max": [-0.183814, 0.65405, 0.507631], "centroid": [-0.5453647369737447, 0.4258718526469452, 0.14959146017590588], "id": "4c89f52fde77d653f4fb4dee5181bee", "numVertices": 4798, "min": [-0.900862, -0.0381, -0.209418]}
