{"max": [0.318091, 0.827897, 0.318091], "centroid": [0.0028672194473999997, 0.5902424525622129, 0.0006465296567701963], "id": "8a321a0750972afff155d75bbf62b80", "numVertices": 5827, "min": [-0.318091, 0.0, -0.318091]}
