{"max": [0.144462, 0.3429, 0.144462], "centroid": [-9.047619045132573e-09, 0.30222812857142556, -9.04761903441446e-09], "id": "56efabe64ce30e08d7bc2c778b186f58", "numVertices": 840, "min": [-0.144462, 0.0, -0.144462]}
