{"max": [0.660535, 1.05546, 0.670736], "centroid": [0.33006806780383724, 0.42058449386993574, 0.37299452046908227], "id": "8b8668ba154df43bad5067eac75a07f7", "numVertices": 1876, "min": [0.0, 0.0, 0.0]}
