{"max": [0.0015875, 1.07872, 0.687387], "centroid": [-0.3354908776545316, 0.5829730620192295, 0.3432230304082411], "id": "45d71fc0e59af8bf155d75bbf62b80", "numVertices": 2912, "min": [-0.687387, 0.0, -0.0015875]}
