{"max": [0.0, 0.404812, 0.364022], "centroid": [-0.18201096166666667, 0.21113724999999994, 0.18201096166666664], "id": "8a50955facbac20ecf19858fd1963d10", "numVertices": 96, "min": [-0.364022, 0.0, 0.0]}
