{"max": [0.61645, 0.77944, -0.0415546], "centroid": [0.2914017802970292, 0.4101428260891131, -0.3670259198019801], "id": "6d63c096e32feca4f4fb4dee5181bee", "numVertices": 1616, "min": [-0.0344251, -0.00954702, -0.69243]}
