{"max": [0.660535, 1.05546, 0.670736], "centroid": [0.3300707668695653, 0.4287505889130452, 0.36597189643478206], "id": "5a0590dae471241ad5067eac75a07f7", "numVertices": 2300, "min": [0.0, 0.0, 0.0]}
