{"max": [0.675598, 0.960781, 0.403669], "centroid": [0.29940626440973156, 0.1992662449513421, 0.027482005105132865], "id": "16ce4a2ff48b8a81d2b12aa6a0f050b3", "numVertices": 27023, "min": [-0.076734, -0.0288184, -0.348706]}
