{"max": [-0.184094, 1.01407, -0.0422128], "centroid": [-0.523954215803107, 0.7109783797150173, -0.3360466436269424], "id": "18be3d380d248fe081faebbdea6bd9be", "numVertices": 3860, "min": [-0.863544, 0.0, -0.721663]}
