{"max": [100.0, 100.751, 5.77], "centroid": [37.297662505074285, 50.17581512516928, -20.321923286873997], "id": "30bf69aa24dbb3fc9de193e488fc4dce", "numVertices": 5912, "min": [0.0, -1.0, -50.0]}
