{"max": [-0.625718, 1.0583, 1.22831], "centroid": [-0.9599415552684127, 0.49142678983634824, 0.8784802388745223], "id": "68e4ba38895d820df6fec4b901a12701", "numVertices": 3483, "min": [-1.41072, 0.0325, 0.726277]}
