{"max": [0.0, 0.946602, -2.08616e-06], "centroid": [-0.24577462446842557, 0.7154830957567635, -0.1812394794896893], "id": "28d07148048431d4ad5067eac75a07f7", "numVertices": 2993, "min": [-0.492758, 0.0, -0.49276]}
