{"max": [0.547231, 0.826421, 0.0], "centroid": [0.2668349882717512, 0.45551947731803827, -0.22145972766256636], "id": "2ee841537921cf87ad5067eac75a07f7", "numVertices": 14646, "min": [0.0, 0.0, -0.445677]}
