{"max": [-0.0695415, 0.539064, 0.188256], "centroid": [-0.2584580774497485, 0.2854001123115575, 0.11313166922110478], "id": "b1234d3adf9e476e9432386574f02229", "numVertices": 1592, "min": [-0.423081, 0.0111, 0.0332327]}
