{"max": [2.72739, 0.536707, -0.757507], "centroid": [2.323597451682178, 0.16967334538296366, -0.9142371560486721], "id": "65680f336a50db976afa58a86636d6be", "numVertices": 1397, "min": [1.88263, -0.324715, -1.07657]}
