{"max": [0.308218, 0.530957, -1.03297], "centroid": [0.14974647729477647, 0.46346172817164355, -1.1032753031716396], "id": "abba6df6294f20c569ea850160c0b35", "numVertices": 2144, "min": [-0.00872552, 0.0, -1.17358]}
