{"max": [0.311471, 0.729168, 0.31114], "centroid": [-0.00273993030487808, 0.49465189713413976, -0.00026103709898371097], "id": "46fca3bdcd454402f155d75bbf62b80", "numVertices": 4920, "min": [-0.311265, 0.0, -0.311376]}
