{"max": [13.9888, 7.75687, 0.638767], "centroid": [10.162154489465152, 5.980209561750403, -0.8348288275526755], "id": "93ca5243aa73b5de81157c9325bb0e45", "numVertices": 617, "min": [6.80119, -0.0409351, -2.33045]}
