{"max": [0.0, 0.826421, 0.445677], "centroid": [-0.26902089708558147, 0.4487867271323282, 0.22148472504758587], "id": "37c9fe32ad87beccad5067eac75a07f7", "numVertices": 14374, "min": [-0.547231, 0.0, 0.0]}
