{"max": [-0.303486, 0.92632, 0.1763], "centroid": [-0.7090141888412025, 0.5875330406734833, -0.1983072224074619], "id": "2a20ec86e1aaf196cb2a965e75be701c", "numVertices": 3029, "min": [-1.07187, 0.0, -0.591328]}
