{"max": [0.0, 1.11081, 0.0], "centroid": [-0.37776460639130477, 0.510670151086956, -0.3186771552760877], "id": "2c09ad6e78554a6ead5067eac75a07f7", "numVertices": 1840, "min": [-0.73603, -0.003175, -0.725767]}
