{"max": [0.096, 3.68214, 0.043824], "centroid": [-5.4465744398340314, 1.3854495435684648, -2.359743892116184], "id": "5afe31025e8574ea8d6e12c39b2d5023", "numVertices": 241, "min": [-8.603, -0.098, -4.49982]}
