{"max": [-0.964308, -0.114205, 0.341188], "centroid": [-1.3607916830824818, -0.3504332385310051, 0.0004220862045996871], "id": "11d2b7d8c377632bd4d8765e3910f617", "numVertices": 8305, "min": [-1.75639, -1.23497, -0.341188]}
