{"max": [0.0, 0.658019, 0.0], "centroid": [-0.4183064514170032, 0.5975463506698061, -0.1558581759357198], "id": "e6daa1435018a044da5feafe6f1c8fc", "numVertices": 741, "min": [-0.8382, -1.19209e-07, -0.3048]}
