{"max": [2.62382, 0.837826, -0.323287], "centroid": [2.197210339100353, 0.49862395294117656, -0.44528630865051894], "id": "220f08ff0c1d2a4542282fc88db7886b", "numVertices": 1445, "min": [1.8118, 0.0, -0.570894]}
