{"max": [0.2667, 0.61723, 0.2667], "centroid": [0.005783650154798765, 0.3008302702786367, -0.00325579442724458], "id": "44ed0531eedc723dfaaa4370fa1ccec", "numVertices": 323, "min": [-0.2667, 0.0, -0.2667]}
