{"max": [3.7741, 8.10184, 1.39546], "centroid": [-1.2274204035415643, 5.409042376783126, -0.2572498096409274], "id": "c3426d26e0408be4285e5a1f74237618", "numVertices": 4066, "min": [-6.16062, -0.234645, -1.35454]}
