{"max": [3.23319, 0.977981, -1.86574], "centroid": [2.917552742322443, 0.5635752312859871, -2.1814961516314595], "id": "9afa30986badc1f956f6fc4b4ce1db04", "numVertices": 8336, "min": [2.60145, 0.0, -2.49747]}
