{"max": [17.6264, 14.6983, 1.85071], "centroid": [10.429658157894744, 7.548362011842099, 1.0920732499999999], "id": "d9015890f9691fd593daa1a1c18444ab", "numVertices": 152, "min": [3.34761, -0.060721, 0.0]}
