{"max": [2.23912, 4.66687, 1.5667], "centroid": [0.10271392574848505, 2.1534277193353173, 0.7830418456555409], "id": "5d4f774fdda6fa1dcd99ccc7ff441abf", "numVertices": 7101, "min": [-2.04529, 0.0, 0.091766]}
