{"max": [0.0, 0.826421, 0.445677], "centroid": [-0.27236019515597026, 0.535425440292453, 0.22286851089926954], "id": "60b743e913182e9ad5067eac75a07f7", "numVertices": 2462, "min": [-0.547231, 0.0, 0.0]}
