{"max": [0.0, 0.3299, 0.13], "centroid": [-0.12831748454166714, 0.10069964213859646, 0.061893157938596406], "id": "e90e27c3020d25dd76bb31db0358e9c6", "numVertices": 912, "min": [-0.28931, 0.0, 0.0]}
