{"max": [1.52348, 1.25214, 1.21276], "centroid": [1.1809859823613067, 0.7341051297297316, 0.889092566998578], "id": "91a4d060d380409c2056b4bd5d870b47", "numVertices": 3515, "min": [0.873498, 0.0, 0.565832]}
