{"max": [0.492758, 0.946602, 0.0], "centroid": [0.2463556934385482, 0.7365317887269736, -0.2463486211097048], "id": "4a14e1ffc27ba762ad5067eac75a07f7", "numVertices": 3637, "min": [0.0, 0.0, -0.492758]}
