{"max": [0.4826, 0.9525, 0.5334], "centroid": [0.21589998999999999, 0.6435813000000004, 0.26670000000000005], "id": "", "numVertices": 40, "min": [-0.0508, 0.0, 0.0]}
