{"max": [0.639674, 0.848921, 0.314789], "centroid": [0.3825471442125232, 0.7774395483870905, 0.004755583154649004], "id": "5f2cdda3d519b5a25e96e67cce8b41a9", "numVertices": 1054, "min": [0.130365, 0.0, -0.236493]}
