{"max": [-0.0677613, 0.8001, 0.0457849], "centroid": [-0.4683409099859647, 0.6074341908963403, -0.35415755022931567], "id": "46e777a46aa76681f4fb4dee5181bee", "numVertices": 4987, "min": [-0.867861, -0.0508, -0.754295]}
