{"max": [1.52348, 1.0287, 1.21276], "centroid": [1.1850080194233723, 0.7038373356600954, 0.8891748910470405], "id": "7d47e79aaef3b1482056b4bd5d870b47", "numVertices": 3295, "min": [0.873498, 0.0, 0.565832]}
