{"max": [0.1675, 0.641, 0.1675], "centroid": [-2.6788223114279915e-18, 0.5001563914209103, 1.3431317422576458e-17], "id": "9c0847d6c42eca062846fa729d90e125", "numVertices": 373, "min": [-0.1675, 0.0, -0.1675]}
