{"max": [5.47498, 10.392, 5.47498], "centroid": [1.9766582040803975e-18, 9.399465281899108, -7.932988259042661e-16], "id": "6d21c75bbe308322513c73fd461b230a", "numVertices": 674, "min": [-5.47498, 0.0, -5.47498]}
