{"max": [0.532544, 0.717312, -1.79745e-07], "centroid": [0.3433261044344154, 0.47103236142857424, -0.12529613984598653], "id": "8ea3fa037107ec737426c116c412c132", "numVertices": 3766, "min": [0.0, 0.0, -0.264462]}
