{"max": [0.429195, 0.972081, 0.401275], "centroid": [-0.009511516310461135, 0.5280748976377946, 0.004489977502812148], "id": "8f641a48f55555f7a2105179d0c9d51e", "numVertices": 889, "min": [-0.448038, 0.0, -0.400948]}
