{"max": [0.603039, 1.35814, 0.60022], "centroid": [-0.0012904602869793704, 0.9404302926829218, 0.004948384940459508], "id": "62d897a92c86cb392ab20b9ffcec9f65", "numVertices": 1476, "min": [-0.60022, 0.0, -0.60022]}
