{"max": [0.0935061, 0.12382, -0.0191403], "centroid": [0.024638946940350657, 0.0613314163232802, -0.035670066545588915], "id": "c4cb5bcb1a9399ae504721639e19f609", "numVertices": 21474, "min": [-0.0516486, -0.00182038, -0.0895641]}
