{"max": [10.9119, 5.43397, 0.024319], "centroid": [5.617980861423218, 2.533215501872666, -0.25925188951310874], "id": "e0eb0b7925869326aa7b926be24dab3d", "numVertices": 1068, "min": [-0.03188, -0.028926, -0.857504]}
