{"max": [2.15797, 0.527208, -0.399736], "centroid": [1.8477986278195493, 0.38653970394736836, -0.44435843233082634], "id": "e1838a13ace989545de21284bb515a83", "numVertices": 532, "min": [1.52137, -0.156655, -0.488983]}
