{"max": [1.52348, 1.11313, 1.21276], "centroid": [1.1858008329558356, 0.7257797239524425, 0.8891743926953555], "id": "60b4017e16fd9c4f2056b4bd5d870b47", "numVertices": 3532, "min": [0.873498, 0.0, 0.565832]}
