{"max": [0.50188, 4.39655, 2.30773], "centroid": [-0.8563608706607938, 3.248550748898664, 0.8994620590748929], "id": "8ab06d642437f3a77d8663c09e4f524d", "numVertices": 908, "min": [-2.23389, 0.0, -0.428043]}
