{"max": [0.6, 1.13, 0.06], "centroid": [0.2794129554655871, 0.7605088704453439, -0.18106968016194344], "id": "5a947a76bf8f29035b17dbcbc75d58df", "numVertices": 247, "min": [-0.03, 0.0, -0.6]}
