{"max": [0.939793, 1.83157, 0.939793], "centroid": [0.04101851086111109, 0.8512055866666671, -0.01356634191944451], "id": "62f4ed6e1df63042cecaed25e0da0964", "numVertices": 360, "min": [-0.944486, -0.0174625, -0.944569]}
