{"max": [0.34925, 1.04705, 0.34925], "centroid": [-0.002285935956430574, 0.49182341882008734, 0.0013156832845631788], "id": "41b946cebf6b76cb25d3c528e036a532", "numVertices": 2051, "min": [-0.34925, 0.0, -0.34925]}
