{"max": [0.875649, 0.776777, 0.86466], "centroid": [0.4648659457498105, 0.4990284247678259, 0.44728004270489813], "id": "7a931ec996edbfeacb2a965e75be701c", "numVertices": 3941, "min": [0.0522669, -0.00741339, 0.0396881]}
