{"max": [0.0, 1.14725, 0.578975], "centroid": [-0.3474683739823468, 0.67500883442368, 0.28951220704267894], "id": "48aca9c3a4006a5163b2acb037dfbcde", "numVertices": 3852, "min": [-0.679326, 0.0, 0.0]}
