{"max": [0.31688, 0.323493, 0.084144], "centroid": [0.11773637298471566, 0.19267203935011723, 0.020122331501053286], "id": "c5c0f63f94ddf4c258d149fbd24761c4", "numVertices": 16631, "min": [-0.0808295, -0.000548005, -0.0626712]}
