{"max": [0.492758, 0.749257, 0.492758], "centroid": [0.33775953263543823, 0.5436856051934835, 0.24752846099592674], "id": "71c45644821a8961ad5067eac75a07f7", "numVertices": 1964, "min": [0.0, 0.0, 0.0]}
