{"max": [0.0, 1.14427, 0.525172], "centroid": [-0.3240889636422808, 0.6197453229127755, 0.2609060414410407], "id": "1d3a7ed6ff0dfc9e63b2acb037dfbcde", "numVertices": 6301, "min": [-0.638672, 3.7998e-07, 0.0]}
