{"max": [0.0, 1.143, 0.0], "centroid": [-0.30446052981735117, 0.7936614849315067, -0.2689257690045661], "id": "8e09a584fe5fa78deb69804478f9c547", "numVertices": 438, "min": [-0.6096, 0.0, -0.711949]}
