{"max": [2.08824, 1.57754, 0.311431], "centroid": [0.8613991832710582, 1.0866036022518757, 0.17485133828190008], "id": "10a885f5971d9d4ce858db1dc3499392", "numVertices": 1199, "min": [-0.439326, 0.0, -0.264569]}
