{"max": [-7.38199, 0.818578, 0.158587], "centroid": [-7.60840201388889, 0.5299704158333332, -0.06777436111111108], "id": "18dbebd6527cffa254685f5f473de41f", "numVertices": 144, "min": [-7.83471, 0.0, -0.294133]}
