{"max": [0.192391, 0.3048, 0.192391], "centroid": [-1.3714519715957817e-17, 0.13099760442352945, 8.163404592832033e-19], "id": "9e2a1751b9129b1132fd0b3f17b0d6c", "numVertices": 170, "min": [-0.192391, -0.000196901, -0.192391]}
