{"max": [0.280661, 0.422709, -2.98023e-08], "centroid": [0.14020917662558766, 0.3140871550230786, -0.14070559148599757], "id": "1b7d468a27208ee3dad910e221d16b18", "numVertices": 4549, "min": [2.98023e-08, 0.0, -0.280661]}
