{"max": [-0.914189, 0.671512, -0.115749], "centroid": [-1.2390228277310937, 0.3847560210084034, -0.22562610924369758], "id": "d3bd250ca3cb8e29976855a35549333", "numVertices": 238, "min": [-1.59205, 0.0, -0.33851]}
