{"max": [-0.948947, 1.17044, -0.771828], "centroid": [-1.2720456850377655, 0.5324312041641169, -1.0936079746887089], "id": "27ed54b7f9c371b72056b4bd5d870b47", "numVertices": 4899, "min": [-1.59587, 0.0, -1.41875]}
