{"max": [0.360291, 0.841406, 0.239759], "centroid": [0.18053122593272075, 0.31430050149847266, 0.16818106348623846], "id": "68b7ca73de30ad6df2197da8dec8488d", "numVertices": 654, "min": [0.0, 0.0, -0.00081624]}
