{"max": [0.1524, 0.50475, 0.085725], "centroid": [4.336808689942018e-19, 0.3774104375, -0.00047171874999999824], "id": "774fcae246e7ad25c8724d5673a063a6", "numVertices": 64, "min": [-0.1524, 0.0, -0.085725]}
