{"max": [3.23319, 0.803356, -1.86574], "centroid": [2.9175165638766427, 0.5575510560450321, -2.181492523250092], "id": "36d4caf867e0afcd56f6fc4b4ce1db04", "numVertices": 8172, "min": [2.60145, 0.0, -2.49747]}
