{"max": [0.0132448, 1.10384, 1.62531], "centroid": [-0.33510380239534876, 0.8901535116279068, 1.2672448837209302], "id": "55e6f6e5a37777b7f9e1e633e708c001", "numVertices": 86, "min": [-0.723355, 0.0, 1.04746]}
