{"max": [-0.0667706, 1.11468, -0.0552508], "centroid": [-0.33837320981489666, 0.68715819918984, -0.5315051487085645], "id": "37f1daa11b023fdf81faebbdea6bd9be", "numVertices": 4646, "min": [-0.608439, 0.0, -0.59458]}
