{"max": [0.626906, 0.839159, 0.877951], "centroid": [0.3291886169338372, 0.3584981417018161, 0.5690820703868882], "id": "9f9c097de7167031cb2a965e75be701c", "numVertices": 8297, "min": [0.0310502, 0.0, 0.282094]}
