{"max": [0.15646, 0.408872, 0.15646], "centroid": [9.496319232500547e-10, 0.23886445481651333, 6.027247129806337e-05], "id": "9ee464a3fb9d3e8e57cd6640bbeb736d", "numVertices": 4360, "min": [-0.15646, 0.0, -0.15646]}
