{"max": [1.62838, 2.61792, 1.58959], "centroid": [-0.020931462075848367, 1.6380846506985978, 0.792596856786428], "id": "5afca35479b347786f0abe366609662", "numVertices": 2004, "min": [-1.62838, -0.04007, -0.004393]}
