{"max": [-0.234799, 3.50768, 1.30296], "centroid": [-1.7873797772701276, 2.0159986062250095, 1.0031496670474043], "id": "2970e5486815e72ccd99ccc7ff441abf", "numVertices": 3502, "min": [-3.36623, -0.007653, 0.704115]}
