{"max": [1.93846, 0.713857, -0.77401], "centroid": [1.622136236744049, 0.5566755946173705, -1.0893313863571206], "id": "7c90fba6cd7f73871c1ef519b9196b63", "numVertices": 6978, "min": [1.30428, 0.0, -1.40819]}
