{"max": [0.0, 0.23713, 0.0459772], "centroid": [-0.1093394642304346, 0.13261742873563212, 0.02298860856388103], "id": "f5800755a78fc83957be02cb1dc1e62", "numVertices": 4002, "min": [-0.253735, 0.0, 4.65661e-08]}
