{"max": [0.661311, 0.999412, 0.671513], "centroid": [0.329981307132545, 0.4405913162271996, 0.33806706398187003], "id": "2ce9c6ec2d071187ad5067eac75a07f7", "numVertices": 19418, "min": [0.0, 0.0, 0.0]}
