{"max": [3.22665, 6.20506, 0.834558], "centroid": [-0.16388645223420578, 3.186487796610176, 0.23486800038520655], "id": "6881468dd51c214922022e93ae2b2b5b", "numVertices": 2596, "min": [-3.49665, 0.025501, -0.321933]}
