{"max": [-0.432209, 0.265194, -0.910572], "centroid": [-0.7135235720034515, 0.1766179026720319, -0.9733689949698205], "id": "5161d9adede671d6edc32c5c9ec9f827", "numVertices": 6958, "min": [-0.959367, 0.000423036, -1.13008]}
