{"max": [0.0, 0.457715, 0.306967], "centroid": [-0.15585404604932834, 0.1924538972105212, 0.14408273433162924], "id": "54cd45b275f551b276bb31db0358e9c6", "numVertices": 4695, "min": [-0.299256, 0.0, 0.0]}
