{"max": [2.85126, 3.10043, 2.67107], "centroid": [1.5765009615384615, 1.4309676923076928, 1.4881113461538464], "id": "4d6b6d392ec6b5b4c69692992c7aeb", "numVertices": 52, "min": [0.390893, 0.0, 0.210703]}
