{"max": [1.66009, 0.818995, 0.0540839], "centroid": [1.2908838204158777, 0.20683182684309992, -0.10808637300567148], "id": "a1822be832091e036afa58a86636d6be", "numVertices": 529, "min": [0.743219, -0.157452, -0.262749]}
