{"max": [-0.393694, -2.15699, -4.87077], "centroid": [-0.5460815683764965, -2.304412447573082, -5.060811028847119], "id": "84ade133b55dbde550da8b99982a3057", "numVertices": 10157, "min": [-0.699693, -2.52999, -5.24609]}
