{"max": [-4.20971, 0.64135, -5.29164], "centroid": [-4.4941661111111095, 0.4138083333333337, -5.576477222222228], "id": "8bdea15ae5d929d0a2eb129d649f68cf", "numVertices": 144, "min": [-4.78373, 0.0, -5.86566]}
