{"max": [0.661311, 0.999412, 0.671513], "centroid": [0.3306505067264567, 0.4650626718983546, 0.36963546856003904], "id": "2a25715df1064c8ad5067eac75a07f7", "numVertices": 2007, "min": [0.0, 0.0, 0.0]}
