{"max": [-0.276313, 4.7024, 1.26845], "centroid": [-2.388998903994983, 1.967974897301823, 0.6132315599247039], "id": "e450a063965ce182372d50f0ef237781", "numVertices": 4781, "min": [-4.50369, -0.027331, -0.025701]}
