{"max": [0.0, 0.381, 0.375221], "centroid": [-0.18761079092666677, 0.3642360399999986, 0.18761079092666683], "id": "7b407dedd933e3812f59b845f0db2ab3", "numVertices": 600, "min": [-0.375221, 0.0, 0.0]}
