{"max": [0.498503, 0.99813, 0.436459], "centroid": [0.18333366471547935, 0.2128170706395345, 0.11994533599563942], "id": "66d96d2428184442ba6cf6cbb9f4c2bb", "numVertices": 5504, "min": [-0.123797, 0.0, -0.185841]}
