{"max": [0.399998, 0.223378, 0.252784], "centroid": [0.049997037588652475, 0.016211105287234056, 0.054160979539007094], "id": "f872a64810c123a47abde6405e4d8323", "numVertices": 282, "min": [-0.399998, -0.223378, -0.252784]}
