{"max": [1.27413, 0.997869, -1.11456], "centroid": [1.0056617555689331, 0.49799060684406765, -1.402578428657435], "id": "9d453384794bc58b9a06a7de97b096dc", "numVertices": 1661, "min": [0.739309, 0.0, -1.68042]}
