{"max": [-12.6349, 5.21, -40.2842], "centroid": [-15.63928102766798, 3.1265459486166027, -40.50864743083018], "id": "3edc3bc2ecf58aae40090e51144242ea", "numVertices": 506, "min": [-18.4668, 1.09416, -40.8842]}
