{"max": [0.547231, 0.826421, 0.0], "centroid": [0.2602136926432484, 0.5627805272594335, -0.22259684205854444], "id": "22cac9601407b70bad5067eac75a07f7", "numVertices": 2733, "min": [0.0, 0.0, -0.445677]}
