{"max": [0.393901, 0.116613, -0.457266], "centroid": [0.24068461064572413, 0.040039287202181494, -0.48715435078534264], "id": "3077a9b76724b6d35de21284bb515a83", "numVertices": 1146, "min": [0.0959426, -0.0538526, -0.5226]}
