{"max": [3.01699, 3.33106, 20.0616], "centroid": [1.552076715189873, 2.604588386075942, 17.82862120253166], "id": "7a73f3cf362ef4fa619b1cc3b6756f94", "numVertices": 632, "min": [0.197588, 0.0, 16.8467]}
