{"max": [0.717983, 0.992203, 0.699839], "centroid": [0.3962877142111371, 0.6983654892111335, 0.37999004675174], "id": "21a94be58900df5bcb2a965e75be701c", "numVertices": 1724, "min": [0.0746191, 0.0, 0.0558952]}
