{"max": [0.153341, 0.5715, 0.153341], "centroid": [-0.03490153333333333, 0.3346596533333335, 7.401486830834377e-18], "id": "2f1aed8925147120c62ac18334863d36", "numVertices": 60, "min": [-0.216841, 0.0, -0.153341]}
