{"max": [0.0, 1.10661, 0.534924], "centroid": [-0.4293953215489143, 0.5606265791440216, 0.10746091735054333], "id": "3be3e86b2fad511048d5a1386787189", "numVertices": 1472, "min": [-0.604714, -0.0508, -0.0250746]}
