{"max": [0.424227, 2.09007, 0.204034], "centroid": [-0.5881506198782953, 1.0338212288032458, 0.010147170385395402], "id": "e5fea6c1dacf3ed4cd99ccc7ff441abf", "numVertices": 2465, "min": [-1.6247, 0.0, -0.184894]}
