{"max": [0.573569, 1.10485, 1.10398], "centroid": [0.2108903267352757, 0.7118850245020363, 0.6839271501392156], "id": "6d1aacdd49c4bac781faebbdea6bd9be", "numVertices": 4669, "min": [-0.126826, 0.0, 0.403584]}
