{"max": [7.38714, 21.0341, 1.4454], "centroid": [-3.647182936046513, 13.167317906976749, -2.4554078255813936], "id": "151d033af5381fd4c1e1e64c8ea306ea", "numVertices": 172, "min": [-11.5821, 0.0, -6.19159]}
