{"max": [0.000406248, 0.8255, 0.000316078], "centroid": [-0.3012841841999999, 0.3997495583333325, -0.29924316666078415], "id": "1ce689a5c781af1bcf01bc59d215f0", "numVertices": 204, "min": [-0.598915, 0.0, -0.599545]}
