{"max": [0.355594, 0.565149, 0.355594], "centroid": [-0.004891531026304089, 0.3452874596930015, -0.00035846305165807224], "id": "2f06f66740e65248ba6cf6cbb9f4c2bb", "numVertices": 7557, "min": [-0.355594, 0.0, -0.355594]}
