{"max": [1.0922, 1.54733, 1.31152], "centroid": [0.5483440079178883, 1.2603119354838717, 1.1340551348973618], "id": "631fd8c280dfb9d5cd3852d63efc4336", "numVertices": 341, "min": [-0.06985, 1.01219, 0.946343]}
