{"max": [0.636077, 0.840867, 0.0], "centroid": [0.3183890549760207, 0.48854671115119597, -0.32262167568762085], "id": "89aff0d006fc22ff9405d3391cbdb79b", "numVertices": 5679, "min": [-1.11759e-08, -1.49012e-08, -0.640274]}
