{"max": [-4.53875, 1.59588, 3.3244], "centroid": [-5.304648020833333, 0.8066199999999998, 2.5584953124999985], "id": "6a1b359efc20cd1aaec6ee5ba573fa6d", "numVertices": 96, "min": [-6.07055, 0.0, 1.7926]}
