{"max": [0.799888, 0.63891, 0.0], "centroid": [0.41257639349334835, 0.5672276916916585, -0.2783310334492151], "id": "5a2d3cfcbcd3779f44a292ef014253", "numVertices": 1654, "min": [0.0, 0.0, -0.593761]}
