{"max": [0.335822, 0.3048, 0.209498], "centroid": [0.15122518571428573, 0.21952857142857138, 0.0812035], "id": "1d5e46b18684ede7ffe3432ba4f2e6d3", "numVertices": 28, "min": [-0.0347041, 0.0, -0.0494979]}
